"V1","V2","V3","V4","V5","V6","V7","V8"
"1",2,0,10,1,3305.11550892745,3506.49670809451,2867,2867
"2",2,0,10,2,3176.73542335891,3423.0415808176,2867,2867
"3",2,0,10,3,3193.58946985991,3440.2446664726,2867,2867
"4",2,0,10,4,2873.68503103274,3108.17335139489,2867,2867
"5",2,0,10,5,5454.24837761611,3203.95773152919,2803,2803
"6",2,0,10,6,2858.28101513649,3156.20829623904,2867,2867
"7",2,0,10,7,3206.25283734856,2925.19245934622,2867,2867
"8",2,0,10,8,2811.33207482488,3066.39038057057,2867,2867
"9",2,0,10,9,2656.51387814769,2881.08479621469,2867,2867
"10",2,0,10,10,7285.85899119316,3539.99827721435,2803,2803
"11",2,0,10,11,3004.56583484874,3259.82678535966,2867,2867
"12",2,0,10,12,3662.0831573831,3225.2658780577,2867,2867
"13",2,0,10,13,2895.42341660923,3103.11233009557,2867,2867
"14",2,0,10,14,2767.65248358904,3026.86095440931,2867,2867
"15",2,0,10,15,6072.67496925106,3304.69315911481,2803,2803
"16",2,0,10,16,3020.44736842407,2905.26164487663,2867,2867
"17",2,0,10,17,3330.697647038,3032.7010899813,2867,2867
"18",2,0,10,18,2803.26182034042,2852.04939990967,2867,2867
"19",2,0,10,19,2741.07206830456,2887.42920980396,2867,2867
"20",2,0,10,20,2684.64984564743,2744.68268161388,2803,2803
"21",2,0,20,1,2903.81831468566,2874.99929828003,2867,2867
"22",2,0,20,2,2757.44114685199,2597.73693315525,2867,2867
"23",2,0,20,3,2863.31414248938,2856.24800019337,2867,2867
"24",2,0,20,4,2670.09429886533,2722.54237629885,2867,2867
"25",2,0,20,5,4295.83295606698,4049.52118064583,2803,2803
"26",2,0,20,6,2776.41235365097,2841.65116020173,2867,2867
"27",2,0,20,7,2299.41963441782,2353.26386963119,2867,2867
"28",2,0,20,8,2640.91147666635,2610.75450579236,2867,2867
"29",2,0,20,9,2832.36444657082,2813.15580705023,2867,2867
"30",2,0,20,10,4430.05022062881,4228.98563684992,2803,2803
"31",2,0,20,11,2823.34426791425,2890.13078523514,2867,2867
"32",2,0,20,12,2940.02186528442,2731.1021162651,2867,2867
"33",2,0,20,13,2688.87318045575,2668.49023675214,2867,2867
"34",2,0,20,14,2575.08436940683,2567.53668461542,2867,2867
"35",2,0,20,15,3987.60855676757,3740.97051317021,2803,2803
"36",2,0,20,16,2609.11528494138,2479.52088356248,2867,2867
"37",2,0,20,17,2694.68134288477,2548.67538533288,2867,2867
"38",2,0,20,18,2543.84443940397,2471.17866217734,2867,2867
"39",2,0,20,19,2541.65946260678,2477.79994572759,2867,2867
"40",2,0,20,20,2494.37403739162,2435.10592302282,2803,2803
"41",2,0,30,1,2856.92039087631,2674.3226353214,2867,2867
"42",2,0,30,2,2663.97631299638,2470.51498730996,2867,2867
"43",2,0,30,3,2686.68449389895,2499.68682344543,2867,2867
"44",2,0,30,4,2645.89159929742,2573.17389143,2867,2867
"45",2,0,30,5,3113.42319887101,2970.50393069718,2803,2803
"46",2,0,30,6,2735.5275361642,2754.13460762786,2867,2867
"47",2,0,30,7,2681.67303156934,2469.97327101526,2867,2867
"48",2,0,30,8,2593.72163647859,2421.9799019305,2867,2867
"49",2,0,30,9,2780.6552500351,2605.58133190281,2867,2867
"50",2,0,30,10,3117.22248857801,2977.01476299725,2803,2803
"51",2,0,30,11,2761.85550317039,2746.5373928643,2867,2867
"52",2,0,30,12,2771.76331626706,2498.82314877363,2867,2867
"53",2,0,30,13,2624.57257987901,2440.6740646832,2867,2867
"54",2,0,30,14,2511.81534160967,2431.61553698298,2867,2867
"55",2,0,30,15,3269.05911527313,3902.29011904571,2803,2803
"56",2,0,30,16,2524.001412155,2305.41693529724,2867,2867
"57",2,0,30,17,2576.50124176023,2336.3442452963,2867,2867
"58",2,0,30,18,2486.50893957377,2315.40934862555,2867,2867
"59",2,0,30,19,2487.29118200715,2318.7875141603,2867,2867
"60",2,0,30,20,2453.90662555167,2303.44378357157,2803,2803
"61",2,0.5,10,1,3813.24854806232,4312.56887768787,2867,2867
"62",2,0.5,10,2,3618.43766838257,3974.79573643021,2867,2867
"63",2,0.5,10,3,3642.42031414956,4168.90742879147,2867,2867
"64",2,0.5,10,4,2993.82948266658,2954.72033875185,2867,2867
"65",2,0.5,10,5,4678.89738796773,4929.00041011254,2803,2803
"66",2,0.5,10,6,2914.06704945166,4367.564519867,2867,2867
"67",2,0.5,10,7,2904.36852922443,3823.14053694139,2867,2867
"68",2,0.5,10,8,2866.36732331465,2941.13429050931,2867,2867
"69",2,0.5,10,9,2520.73449482372,3104.94746257297,2867,2867
"70",2,0.5,10,10,6518.51534381472,6292.05363032882,2803,2803
"71",2,0.5,10,11,3293.47525901149,4355.78687435917,2867,2867
"72",2,0.5,10,12,3561.63632077284,3966.22980476471,2867,2867
"73",2,0.5,10,13,3007.6804229206,3005.23533638525,2867,2867
"74",2,0.5,10,14,2825.5891503672,3010.47941211785,2867,2867
"75",2,0.5,10,15,5258.2323642841,5416.09464016359,2803,2803
"76",2,0.5,10,16,2883.39846958108,3534.93181430621,2867,2867
"77",2,0.5,10,17,3188.47095106062,3691.42527234185,2867,2867
"78",2,0.5,10,18,2660.09492030084,3393.82617530125,2867,2867
"79",2,0.5,10,19,2656.71173700377,3218.86047823189,2867,2867
"80",2,0.5,10,20,2474.83235272005,3345.41249105663,2803,2803
"81",2,0.5,20,1,2739.49720508434,5066.72907774651,2867,2867
"82",2,0.5,20,2,2652.87737931176,3546.11794185094,2867,2867
"83",2,0.5,20,3,2703.60125032893,5015.29786029815,2867,2867
"84",2,0.5,20,4,2542.90697553226,4827.57264136923,2867,2867
"85",2,0.5,20,5,4180.15882497834,5694.60060434741,2803,2803
"86",2,0.5,20,6,2687.49386305421,4564.79125929146,2867,2867
"87",2,0.5,20,7,2196.97005199317,3306.08117646671,2867,2867
"88",2,0.5,20,8,2521.19353920341,3127.65826724092,2867,2867
"89",2,0.5,20,9,2670.975762461,5016.11493133399,2867,2867
"90",2,0.5,20,10,4321.12051243348,5860.02336284659,2803,2803
"91",2,0.5,20,11,2718.14048162069,4671.23852833449,2867,2867
"92",2,0.5,20,12,2804.16619480726,3696.83857054494,2867,2867
"93",2,0.5,20,13,2556.46636105942,4588.99980510177,2867,2867
"94",2,0.5,20,14,2439.50158887689,3592.55350515988,2867,2867
"95",2,0.5,20,15,3863.90658481676,5317.60039513868,2803,2803
"96",2,0.5,20,16,2492.77652019205,3189.46948454793,2867,2867
"97",2,0.5,20,17,2578.23514112262,3238.81595452695,2867,2867
"98",2,0.5,20,18,2441.92231792109,3071.70512942084,2867,2867
"99",2,0.5,20,19,2430.00766605583,3034.96877012232,2867,2867
"100",2,0.5,20,20,2402.68856051917,3090.02362585607,2803,2803
"101",2,0.5,30,1,2356.00184280584,3139.86665291683,2867,2867
"102",2,0.5,30,2,2538.52341015187,5937.56253219669,2867,2867
"103",2,0.5,30,3,2297.77013515045,3913.47107030549,2867,2867
"104",2,0.5,30,4,2347.01109091367,3124.1918481432,2867,2867
"105",2,0.5,30,5,2824.2267375324,5232.01001466144,2803,2803
"106",2,0.5,30,6,2421.74069742355,3570.22935564784,2867,2867
"107",2,0.5,30,7,2541.34537836582,5871.6453355723,2867,2867
"108",2,0.5,30,8,2304.92300611312,4212.12616871381,2867,2867
"109",2,0.5,30,9,2312.65672765124,3344.55358424295,2867,2867
"110",2,0.5,30,10,2828.34431074398,5213.87454249334,2803,2803
"111",2,0.5,30,11,2382.06934374511,3563.46130765188,2867,2867
"112",2,0.5,30,12,2577.30329911234,5935.42908077385,2867,2867
"113",2,0.5,30,13,2324.41148083896,4238.15832394781,2867,2867
"114",2,0.5,30,14,2235.26907508275,3951.8760677219,2867,2867
"115",2,0.5,30,15,3563.33971047033,7150.76527579272,2803,2803
"116",2,0.5,30,16,2346.64358765796,5004.87393650338,2867,2867
"117",2,0.5,30,17,2385.08923163003,5113.04869372502,2867,2867
"118",2,0.5,30,18,2320.11591870467,4849.16156060577,2867,2867
"119",2,0.5,30,19,2307.25983411735,4669.85587227664,2867,2867
"120",2,0.5,30,20,2300.14057463778,4886.68002871475,2803,2803
"121",2,1.5,10,1,4869.27128214606,3097.33915232856,2867,2867
"122",2,1.5,10,2,4610.37045974305,2957.89996062581,2867,2867
"123",2,1.5,10,3,4678.75654750852,2978.6991730879,2867,2867
"124",2,1.5,10,4,3812.51082536209,2593.05659402495,2867,2867
"125",2,1.5,10,5,5238.9442524396,4102.27262378402,2803,2803
"126",2,1.5,10,6,4229.02540769299,2715.73978237585,2867,2867
"127",2,1.5,10,7,2920.51502617254,2768.42923927839,2867,2867
"128",2,1.5,10,8,3689.82717206664,2536.53933556805,2867,2867
"129",2,1.5,10,9,2838.40933919903,2338.18419626211,2867,2867
"130",2,1.5,10,10,7361.63816478451,5524.60593126498,2803,2803
"131",2,1.5,10,11,4506.55999656728,2827.31223237011,2867,2867
"132",2,1.5,10,12,3819.16826801457,3155.21472505351,2867,2867
"133",2,1.5,10,13,3773.70205390824,2610.17825656764,2867,2867
"134",2,1.5,10,14,3539.96960111637,2481.21229731455,2867,2867
"135",2,1.5,10,15,5926.29756747793,4583.90444485331,2803,2803
"136",2,1.5,10,16,2776.40408857087,2634.9529577745,2867,2867
"137",2,1.5,10,17,3197.18058497703,2854.94991222167,2867,2867
"138",2,1.5,10,18,2718.94251191073,2470.8199064976,2867,2867
"139",2,1.5,10,19,2546.64373164355,2427.76109327814,2867,2867
"140",2,1.5,10,20,2413.85804400145,2344.49317240347,2803,2803
"141",2,1.5,20,1,2719.22427598463,2593.90619806504,2867,2867
"142",2,1.5,20,2,2660.18169692396,2620.56291324888,2867,2867
"143",2,1.5,20,3,2678.64609849838,2546.34506797631,2867,2867
"144",2,1.5,20,4,2520.34804156261,2353.67123353319,2867,2867
"145",2,1.5,20,5,4069.03641387282,4434.53335060209,2803,2803
"146",2,1.5,20,6,2594.94738813953,2447.88965976335,2867,2867
"147",2,1.5,20,7,2268.76891700134,2126.42252360709,2867,2867
"148",2,1.5,20,8,2552.20711610911,2425.79203648581,2867,2867
"149",2,1.5,20,9,2667.32611591579,2535.67363620194,2867,2867
"150",2,1.5,20,10,4207.12276812703,4607.90066295264,2803,2803
"151",2,1.5,20,11,2633.34256681716,2490.02468098852,2867,2867
"152",2,1.5,20,12,2808.53418451234,2773.60425668232,2867,2867
"153",2,1.5,20,13,2583.880809047,2460.17378350615,2867,2867
"154",2,1.5,20,14,2483.33231480076,2341.58247931946,2867,2867
"155",2,1.5,20,15,3770.82411454452,4094.68195984819,2803,2803
"156",2,1.5,20,16,2571.58529567181,2457.16791123225,2867,2867
"157",2,1.5,20,17,2625.67360768159,2536.92933718339,2867,2867
"158",2,1.5,20,18,2518.92129660445,2399.81190517828,2867,2867
"159",2,1.5,20,19,2516.65793363266,2381.2838358341,2867,2867
"160",2,1.5,20,20,2482.1808440087,2352.31340543159,2803,2803
"161",2,1.5,30,1,2271.47504782949,2563.65605875418,2867,2867
"162",2,1.5,30,2,2546.42512324761,2596.40370567635,2867,2867
"163",2,1.5,30,3,2261.92107046839,2447.50504681408,2867,2867
"164",2,1.5,30,4,2172.53915837136,2338.97122598217,2867,2867
"165",2,1.5,30,5,2571.20556420618,3122.33561680951,2803,2803
"166",2,1.5,30,6,2124.81147534113,2394.67952920154,2867,2867
"167",2,1.5,30,7,2572.4243153166,2605.25855314667,2867,2867
"168",2,1.5,30,8,2266.20346287636,2411.12242145937,2867,2867
"169",2,1.5,30,9,2257.03606678052,2502.17330597516,2867,2867
"170",2,1.5,30,10,2578.11078090689,3125.4664608975,2803,2803
"171",2,1.5,30,11,2130.46660358368,2420.86045955679,2867,2867
"172",2,1.5,30,12,2551.03245291476,2689.87121130394,2867,2867
"173",2,1.5,30,13,2265.42933646071,2431.31020115894,2867,2867
"174",2,1.5,30,14,2297.55524771435,2318.08023562908,2867,2867
"175",2,1.5,30,15,3282.15398476451,3989.94581123199,2803,2803
"176",2,1.5,30,16,2515.25789954174,2418.71906390328,2867,2867
"177",2,1.5,30,17,2505.70361166703,2467.32902110684,2867,2867
"178",2,1.5,30,18,2543.75805813435,2384.12453471754,2867,2867
"179",2,1.5,30,19,2506.02853589478,2372.43553792857,2867,2867
"180",2,1.5,30,20,2442.86249454502,2354.90938912071,2803,2803
"181",6,0,10,1,1473.07384010721,2257.13049459692,2867,2867
"182",6,0,10,2,1448.07237589799,1501.9351430633,2867,2867
"183",6,0,10,3,1463.57197707496,1499.49430470235,2867,2867
"184",6,0,10,4,1534.79550137962,1371.92839168886,2867,2867
"185",6,0,10,5,6100.93317835095,11218.6511255941,2803,2803
"186",6,0,10,6,2653.28350074877,4766.6407137301,2867,2867
"187",6,0,10,7,3220.03400497344,4706.26200120942,2867,2867
"188",6,0,10,8,3176.53024972602,4539.61335333319,2867,2867
"189",6,0,10,9,2554.59679176193,3521.98540327581,2867,2867
"190",6,0,10,10,8645.42827325425,15440.9541992686,2803,2803
"191",6,0,10,11,2071.19143325262,3378.7369768159,2867,2867
"192",6,0,10,12,2129.44744559149,2542.22025587999,2867,2867
"193",6,0,10,13,2484.23824089358,2901.16489255254,2867,2867
"194",6,0,10,14,1673.75888240201,1711.67122936222,2867,2867
"195",6,0,10,15,6910.32807645446,12511.1967195692,2803,2803
"196",6,0,10,16,1621.97652142376,1825.39246118876,2867,2867
"197",6,0,10,17,1535.90187648576,2038.10451743354,2867,2867
"198",6,0,10,18,1441.14031360004,1834.0432008336,2867,2867
"199",6,0,10,19,1513.72706106972,1439.34555799097,2867,2867
"200",6,0,10,20,1866.38827676439,2227.97102463512,2803,2803
"201",6,0,20,1,1454.22214053197,1391.67835831585,2867,2867
"202",6,0,20,2,1851.19326770302,1865.82894341803,2867,2867
"203",6,0,20,3,1448.33534106766,1346.55248532437,2867,2867
"204",6,0,20,4,1517.44063547369,1443.39678325584,2867,2867
"205",6,0,20,5,4519.23807310799,4606.43751120575,2803,2803
"206",6,0,20,6,1642.54352871093,1642.44650123629,2867,2867
"207",6,0,20,7,2062.4647011857,2103.87738457371,2867,2867
"208",6,0,20,8,1837.09445346486,1855.31446141047,2867,2867
"209",6,0,20,9,1736.1737892564,1733.50009342765,2867,2867
"210",6,0,20,10,4694.35921181857,4774.85508706956,2803,2803
"211",6,0,20,11,1576.25392958223,1541.23367279195,2867,2867
"212",6,0,20,12,1653.78204518411,1670.8659925622,2867,2867
"213",6,0,20,13,1622.54509057105,1554.08797878242,2867,2867
"214",6,0,20,14,1386.75769290571,1261.7893539604,2867,2867
"215",6,0,20,15,4172.66168553074,4194.9633861142,2803,2803
"216",6,0,20,16,1469.67448018916,1396.18751224567,2867,2867
"217",6,0,20,17,1485.22033541063,1448.33987266618,2867,2867
"218",6,0,20,18,1440.9555674222,1363.03680529115,2867,2867
"219",6,0,20,19,1450.81561121906,1365.57449464319,2867,2867
"220",6,0,20,20,1422.53300073287,1333.75959095372,2803,2803
"221",6,0,30,1,1433.64061360901,1318.04180092687,2867,2867
"222",6,0,30,2,1681.53626714672,1749.25491391938,2867,2867
"223",6,0,30,3,1471.34619732052,1536.71630889807,2867,2867
"224",6,0,30,4,1423.93227661998,1505.24327957802,2867,2867
"225",6,0,30,5,2220.83109188976,2233.67290619916,2803,2803
"226",6,0,30,6,1559.12840309117,1573.68251640133,2867,2867
"227",6,0,30,7,1645.38367220015,1697.93499580273,2867,2867
"228",6,0,30,8,1649.26548329564,1781.70934705548,2867,2867
"229",6,0,30,9,1575.02199908376,1707.96027383501,2867,2867
"230",6,0,30,10,2222.61142712326,2230.99618052404,2803,2803
"231",6,0,30,11,1534.23520324159,1533.74294232357,2867,2867
"232",6,0,30,12,1597.18383127185,1635.97459770886,2867,2867
"233",6,0,30,13,1545.82757467339,1652.86607628551,2867,2867
"234",6,0,30,14,1372.06693460497,1446.43100237071,2867,2867
"235",6,0,30,15,3205.52566148678,3515.45793063647,2803,2803
"236",6,0,30,16,1435.74231285253,1343.68292427605,2867,2867
"237",6,0,30,17,1440.74028757168,1342.84366837091,2867,2867
"238",6,0,30,18,1411.73537416603,1308.35199167278,2867,2867
"239",6,0,30,19,1426.09622677044,1336.45680053235,2867,2867
"240",6,0,30,20,1410.42106267852,1347.11747115722,2803,2803
"241",6,0.5,10,1,1395.78394152725,1388.69947413633,2867,2867
"242",6,0.5,10,2,1389.0083568161,1334.56908470963,2867,2867
"243",6,0.5,10,3,1385.23529627504,1292.77704784382,2867,2867
"244",6,0.5,10,4,1423.10123264496,1591.86287975754,2867,2867
"245",6,0.5,10,5,7547.75742393199,11523.949907571,2803,2803
"246",6,0.5,10,6,3099.38994483884,6325.66321356131,2867,2867
"247",6,0.5,10,7,3631.45853930925,6773.00017907456,2867,2867
"248",6,0.5,10,8,3696.69629072764,6498.86324659477,2867,2867
"249",6,0.5,10,9,2851.35288113184,5178.31793920662,2867,2867
"250",6,0.5,10,10,10449.0765808344,16462.5553479627,2803,2803
"251",6,0.5,10,11,2086.38352896819,4363.21419934709,2867,2867
"252",6,0.5,10,12,2319.65523052426,3879.16445134986,2867,2867
"253",6,0.5,10,13,2822.61317970507,4159.71653688578,2867,2867
"254",6,0.5,10,14,1639.06486127866,2201.20795221774,2867,2867
"255",6,0.5,10,15,8380.1330221755,13076.8547370121,2803,2803
"256",6,0.5,10,16,1502.15579936623,2077.58306081921,2867,2867
"257",6,0.5,10,17,1494.17953914648,2076.89020797322,2867,2867
"258",6,0.5,10,18,1376.59950739438,1252.32370727845,2867,2867
"259",6,0.5,10,19,1399.80627568561,1575.53970642029,2867,2867
"260",6,0.5,10,20,1814.89892648276,3105.60842858477,2803,2803
"261",6,0.5,20,1,1372.40527530232,1459.24979292249,2867,2867
"262",6,0.5,20,2,1841.45894970172,2037.21852893284,2867,2867
"263",6,0.5,20,3,1383.98859456109,1406.68184520423,2867,2867
"264",6,0.5,20,4,1480.37818414725,1549.5052398024,2867,2867
"265",6,0.5,20,5,4551.35541606069,4643.89118635659,2803,2803
"266",6,0.5,20,6,1630.39740752554,1737.34189878599,2867,2867
"267",6,0.5,20,7,2064.47784063949,2266.21228734056,2867,2867
"268",6,0.5,20,8,1832.67180258435,1993.00217386799,2867,2867
"269",6,0.5,20,9,1730.04232647863,1891.14130856938,2867,2867
"270",6,0.5,20,10,4726.67357175826,4815.94577991692,2803,2803
"271",6,0.5,20,11,1530.55150433861,1629.98648617971,2867,2867
"272",6,0.5,20,12,1637.30713701386,1735.31786850324,2867,2867
"273",6,0.5,20,13,1608.80596786586,1717.87135978798,2867,2867
"274",6,0.5,20,14,1334.26928881561,1350.67071221299,2867,2867
"275",6,0.5,20,15,4171.83912160168,4246.85348055731,2803,2803
"276",6,0.5,20,16,1383.04326925234,1471.83637280472,2867,2867
"277",6,0.5,20,17,1406.34953520111,1494.41664889925,2867,2867
"278",6,0.5,20,18,1367.06529797428,1425.06908547943,2867,2867
"279",6,0.5,20,19,1371.00012346239,1449.34930089565,2867,2867
"280",6,0.5,20,20,1342.1905856935,1392.85652823996,2803,2803
"281",6,0.5,30,1,1360.30122251824,1200.87390945047,2867,2867
"282",6,0.5,30,2,1648.35867519362,1607.05356194789,2867,2867
"283",6,0.5,30,3,1426.71045552751,1427.18819711901,2867,2867
"284",6,0.5,30,4,1372.31927540641,1369.38017317867,2867,2867
"285",6,0.5,30,5,2166.82576617666,2001.83258615969,2803,2803
"286",6,0.5,30,6,1529.55761622392,1442.09531681806,2867,2867
"287",6,0.5,30,7,1607.89091435424,1571.8615697075,2867,2867
"288",6,0.5,30,8,1624.66488002956,1607.24770182386,2867,2867
"289",6,0.5,30,9,1551.00813764527,1550.77619656237,2867,2867
"290",6,0.5,30,10,2168.03788127517,2001.3581630841,2803,2803
"291",6,0.5,30,11,1489.71227051016,1401.46947703792,2867,2867
"292",6,0.5,30,12,1558.20402326445,1499.55867318637,2867,2867
"293",6,0.5,30,13,1514.02860088008,1509.71933880895,2867,2867
"294",6,0.5,30,14,1319.40749725473,1291.3306714386,2867,2867
"295",6,0.5,30,15,3214.33485493304,3078.49550158929,2803,2803
"296",6,0.5,30,16,1360.72542940178,1226.58598389885,2867,2867
"297",6,0.5,30,17,1363.79147752731,1212.57343508059,2867,2867
"298",6,0.5,30,18,1339.54015398545,1187.6185749424,2867,2867
"299",6,0.5,30,19,1356.47644955428,1210.79255332332,2867,2867
"300",6,0.5,30,20,1346.50038888758,1225.41784112028,2803,2803
"301",6,1.5,10,1,1411.16097430638,1931.36680761292,2867,2867
"302",6,1.5,10,2,1286.05214655692,1498.19591389457,2867,2867
"303",6,1.5,10,3,1276.77888744226,1071.77657728951,2867,2867
"304",6,1.5,10,4,1421.23807509513,1456.38682748305,2867,2867
"305",6,1.5,10,5,8353.92834407293,13422.5558136278,2803,2803
"306",6,1.5,10,6,3725.15665213395,7005.51120188501,2867,2867
"307",6,1.5,10,7,4287.44664955581,7103.61625950841,2867,2867
"308",6,1.5,10,8,4176.61560515887,7250.12065104611,2867,2867
"309",6,1.5,10,9,3341.61810042525,5708.14815124819,2867,2867
"310",6,1.5,10,10,11573.6293926734,18773.8732448955,2803,2803
"311",6,1.5,10,11,2568.10373982495,4571.26606573005,2867,2867
"312",6,1.5,10,12,2744.55589845351,3579.22174899113,2867,2867
"313",6,1.5,10,13,3040.24013013038,4746.16191143627,2867,2867
"314",6,1.5,10,14,1698.09802495226,2323.97262573577,2867,2867
"315",6,1.5,10,15,9368.42346976173,14913.6391579159,2803,2803
"316",6,1.5,10,16,1684.19190133235,1889.07340299175,2867,2867
"317",6,1.5,10,17,1702.10657852338,2128.29609371103,2867,2867
"318",6,1.5,10,18,1256.60983918007,1297.34533127824,2867,2867
"319",6,1.5,10,19,1398.51928922839,1539.88878602722,2867,2867
"320",6,1.5,10,20,1995.44532224797,3139.18239562707,2803,2803
"321",6,1.5,20,1,1339.69830753238,1406.18922712559,2867,2867
"322",6,1.5,20,2,1894.91750114849,1977.53440592461,2867,2867
"323",6,1.5,20,3,1373.21712654504,1320.7872423906,2867,2867
"324",6,1.5,20,4,1472.80252832416,1457.31077755944,2867,2867
"325",6,1.5,20,5,4679.65679150718,4682.15910918584,2803,2803
"326",6,1.5,20,6,1641.60700139716,1693.91041926466,2867,2867
"327",6,1.5,20,7,2110.82506416516,2259.41352324856,2867,2867
"328",6,1.5,20,8,1856.1026048131,1892.98463246103,2867,2867
"329",6,1.5,20,9,1756.98713568295,1789.74517985466,2867,2867
"330",6,1.5,20,10,4853.2672566631,4855.67964620672,2803,2803
"331",6,1.5,20,11,1551.07242216978,1584.28044758229,2867,2867
"332",6,1.5,20,12,1683.79112610411,1654.33122002607,2867,2867
"333",6,1.5,20,13,1602.25368407721,1591.14000734117,2867,2867
"334",6,1.5,20,14,1297.23636798023,1251.7812538348,2867,2867
"335",6,1.5,20,15,4291.7525297773,4274.92332670169,2803,2803
"336",6,1.5,20,16,1370.70939239052,1442.09049172752,2867,2867
"337",6,1.5,20,17,1387.64405839965,1477.07947281723,2867,2867
"338",6,1.5,20,18,1315.8181005502,1392.69339172257,2867,2867
"339",6,1.5,20,19,1337.15377030851,1390.48641732441,2867,2867
"340",6,1.5,20,20,1317.3937953582,1320.1165631955,2803,2803
"341",6,1.5,30,1,1356.1395951725,1366.80738340035,2867,2867
"342",6,1.5,30,2,1670.86521270459,1813.48508636687,2867,2867
"343",6,1.5,30,3,1429.07291663336,1626.12146577173,2867,2867
"344",6,1.5,30,4,1363.12870521046,1553.7971557188,2867,2867
"345",6,1.5,30,5,1975.90146953246,2000.08187057839,2803,2803
"346",6,1.5,30,6,1528.34548800979,1605.63482784334,2867,2867
"347",6,1.5,30,7,1629.99262797525,1773.46051179105,2867,2867
"348",6,1.5,30,8,1626.89093587748,1805.35496544913,2867,2867
"349",6,1.5,30,9,1555.83211923044,1757.8070937262,2867,2867
"350",6,1.5,30,10,1973.18823941192,2001.94633682535,2803,2803
"351",6,1.5,30,11,1496.22087536431,1566.98541242098,2867,2867
"352",6,1.5,30,12,1569.85368006953,1699.24993785439,2867,2867
"353",6,1.5,30,13,1508.78497627222,1714.8883518877,2867,2867
"354",6,1.5,30,14,1301.05854885072,1469.67052669693,2867,2867
"355",6,1.5,30,15,3028.79255738032,3174.59767184588,2803,2803
"356",6,1.5,30,16,1357.62749002242,1393.59800855904,2867,2867
"357",6,1.5,30,17,1369.56177380306,1389.01269466756,2867,2867
"358",6,1.5,30,18,1335.57212137175,1370.75818070375,2867,2867
"359",6,1.5,30,19,1348.8155938761,1384.67109883146,2867,2867
"360",6,1.5,30,20,1334.11081369811,1400.98514611363,2803,2803
"361",9,0,10,1,2046.41030191583,2447.32457380869,2867,2867
"362",9,0,10,2,2124.66307090176,3070.09585725866,2867,2867
"363",9,0,10,3,1997.84686423027,2373.20092677221,2867,2867
"364",9,0,10,4,1853.67628694384,1882.56154190819,2867,2867
"365",9,0,10,5,3336.01172769318,12099.1268000565,2803,2803
"366",9,0,10,6,2985.19564912397,10539.549939949,2867,2867
"367",9,0,10,7,2780.11084329281,7653.6278976839,2867,2867
"368",9,0,10,8,2766.70547251253,7992.54438794841,2867,2867
"369",9,0,10,9,2480.31648005502,6034.25268762765,2867,2867
"370",9,0,10,10,4455.23738310665,17854.8007309483,2803,2803
"371",9,0,10,11,2667.28442797424,7886.48085670887,2867,2867
"372",9,0,10,12,2311.65081122999,4300.14572876174,2867,2867
"373",9,0,10,13,2401.5554083244,5753.77503825152,2867,2867
"374",9,0,10,14,2030.44669000917,2717.34956032997,2867,2867
"375",9,0,10,15,3724.73750539507,13860.7423516093,2803,2803
"376",9,0,10,16,1760.81884851097,2060.14388611573,2867,2867
"377",9,0,10,17,1699.23696181655,2034.29172455442,2867,2867
"378",9,0,10,18,1668.21688106327,2034.5815707059,2867,2867
"379",9,0,10,19,1740.35493314131,1806.34777383423,2867,2867
"380",9,0,10,20,1935.033995128,2580.852204133,2803,2803
"381",9,0,20,1,1713.71841134649,1535.09001133449,2867,2867
"382",9,0,20,2,2291.6699237279,2681.23417298645,2867,2867
"383",9,0,20,3,1882.22723731324,1948.77555793721,2867,2867
"384",9,0,20,4,1887.80448516208,2025.35080951784,2867,2867
"385",9,0,20,5,5167.34219064743,5998.72191614315,2803,2803
"386",9,0,20,6,2409.97031627703,3142.43939786939,2867,2867
"387",9,0,20,7,2515.24782096187,2955.32256860123,2867,2867
"388",9,0,20,8,2196.83036597775,2294.7191447511,2867,2867
"389",9,0,20,9,2338.08715769358,2562.17369994843,2867,2867
"390",9,0,20,10,5405.68291214175,6257.97196569098,2803,2803
"391",9,0,20,11,2209.37429780326,2832.54259805285,2867,2867
"392",9,0,20,12,1926.5593936406,1951.54559985808,2867,2867
"393",9,0,20,13,1914.04971942216,1850.8382721956,2867,2867
"394",9,0,20,14,1678.14728554392,1444.11962390418,2867,2867
"395",9,0,20,15,4757.23117203403,5454.57348940824,2803,2803
"396",9,0,20,16,1662.48993268089,1694.60627731495,2867,2867
"397",9,0,20,17,1665.88633222136,1758.69063487059,2867,2867
"398",9,0,20,18,1652.45636011462,1676.89195792311,2867,2867
"399",9,0,20,19,1646.60041708855,1683.12333516142,2867,2867
"400",9,0,20,20,1628.59142874784,1639.36552727717,2803,2803
"401",9,0,30,1,1625.05237188466,1542.36967663878,2867,2867
"402",9,0,30,2,1987.96669003153,2038.3465449374,2867,2867
"403",9,0,30,3,1776.45222633841,1732.23486724243,2867,2867
"404",9,0,30,4,1725.45456648088,1694.89514599336,2867,2867
"405",9,0,30,5,2263.57156759211,2285.22090424944,2803,2803
"406",9,0,30,6,2147.49930098397,2186.63309259604,2867,2867
"407",9,0,30,7,1941.23975232516,1987.28127377448,2867,2867
"408",9,0,30,8,1908.13370545669,1841.73837396565,2867,2867
"409",9,0,30,9,2022.03890373749,1980.98677438872,2867,2867
"410",9,0,30,10,2262.18051529003,2284.2270164679,2803,2803
"411",9,0,30,11,2055.99462924029,2099.01035838364,2867,2867
"412",9,0,30,12,1812.42462025431,1824.35517548707,2867,2867
"413",9,0,30,13,1782.78312906717,1707.86595785964,2867,2867
"414",9,0,30,14,1622.09011134819,1543.26186504781,2867,2867
"415",9,0,30,15,3562.71807451675,3576.81957761904,2803,2803
"416",9,0,30,16,1593.0244402306,1416.22759766157,2867,2867
"417",9,0,30,17,1592.71247409283,1415.3196541999,2867,2867
"418",9,0,30,18,1584.21804153805,1395.19694978964,2867,2867
"419",9,0,30,19,1590.75265791018,1404.96725548732,2867,2867
"420",9,0,30,20,1589.07064986812,1411.75242355101,2803,2803
"421",9,0.5,10,1,2028.46552324514,3383.75556105281,2867,2867
"422",9,0.5,10,2,2180.25071651457,4071.62479932391,2867,2867
"423",9,0.5,10,3,2011.94179665407,2871.87686087511,2867,2867
"424",9,0.5,10,4,1774.23106605797,2032.17904826431,2867,2867
"425",9,0.5,10,5,4624.27245886869,13125.2150687417,2803,2803
"426",9,0.5,10,6,3508.12304605405,9939.4330300507,2867,2867
"427",9,0.5,10,7,3334.34940118461,7391.95051660473,2867,2867
"428",9,0.5,10,8,3305.37973779427,7224.62315669162,2867,2867
"429",9,0.5,10,9,2836.40731897072,5880.73216040902,2867,2867
"430",9,0.5,10,10,6121.06937724581,18324.2290763594,2803,2803
"431",9,0.5,10,11,3057.03248411795,8122.53497845067,2867,2867
"432",9,0.5,10,12,2603.33672039587,4670.02664018039,2867,2867
"433",9,0.5,10,13,2690.29914901532,5244.04791742913,2867,2867
"434",9,0.5,10,14,2057.04297213843,3430.58602036381,2867,2867
"435",9,0.5,10,15,5089.15320820034,14880.9809061564,2803,2803
"436",9,0.5,10,16,1628.62668619243,1774.17161584717,2867,2867
"437",9,0.5,10,17,1593.84913459816,1866.73475294601,2867,2867
"438",9,0.5,10,18,1573.97543025131,1789.76346202048,2867,2867
"439",9,0.5,10,19,1643.67582244843,1648.56285297187,2867,2867
"440",9,0.5,10,20,1866.72293318521,3254.20089459823,2803,2803
"441",9,0.5,20,1,1668.95346621268,1728.474020059,2867,2867
"442",9,0.5,20,2,2447.99601743515,2911.50660518984,2867,2867
"443",9,0.5,20,3,1903.09508564681,2086.66484920588,2867,2867
"444",9,0.5,20,4,1903.77253733467,2123.32810234748,2867,2867
"445",9,0.5,20,5,5593.17994773132,6198.78788745903,2803,2803
"446",9,0.5,20,6,2583.51378157927,3275.16616140588,2867,2867
"447",9,0.5,20,7,2693.55943439539,3240.59297428717,2867,2867
"448",9,0.5,20,8,2333.53448650099,2538.0707015679,2867,2867
"449",9,0.5,20,9,2473.66442641699,2852.35909902721,2867,2867
"450",9,0.5,20,10,5850.35969184859,6461.02538588454,2803,2803
"451",9,0.5,20,11,2297.98169513003,2933.42974801821,2867,2867
"452",9,0.5,20,12,2012.33192884811,2131.844576216,2867,2867
"453",9,0.5,20,13,1985.89265122197,2014.69490106143,2867,2867
"454",9,0.5,20,14,1648.97227957542,1613.06670275146,2867,2867
"455",9,0.5,20,15,5130.7543260044,5620.32827878101,2803,2803
"456",9,0.5,20,16,1621.8519193726,1843.68997715837,2867,2867
"457",9,0.5,20,17,1636.93498132203,1890.02426078183,2867,2867
"458",9,0.5,20,18,1626.44908097638,1824.98333444644,2867,2867
"459",9,0.5,20,19,1606.48795783889,1812.32690727722,2867,2867
"460",9,0.5,20,20,1562.63070129911,1710.74820006766,2803,2803
"461",9,0.5,30,1,1567.34261453845,1467.40185824904,2867,2867
"462",9,0.5,30,2,2039.48391190806,1937.03691118058,2867,2867
"463",9,0.5,30,3,1790.07028573196,1645.16501996487,2867,2867
"464",9,0.5,30,4,1704.48426875999,1605.91705349691,2867,2867
"465",9,0.5,30,5,2246.29163564398,2004.17549221367,2803,2803
"466",9,0.5,30,6,2189.89040655554,2098.16761226703,2867,2867
"467",9,0.5,30,7,1984.31203567933,1884.62652393177,2867,2867
"468",9,0.5,30,8,1940.15297287381,1760.21102902872,2867,2867
"469",9,0.5,30,9,2056.73817366616,1896.01741052387,2867,2867
"470",9,0.5,30,10,2246.94509578853,2004.80139241467,2803,2803
"471",9,0.5,30,11,2066.05173333582,2019.02465043687,2867,2867
"472",9,0.5,30,12,1841.13818361139,1721.70043342494,2867,2867
"473",9,0.5,30,13,1803.02629303999,1632.16831505188,2867,2867
"474",9,0.5,30,14,1587.10631996003,1476.18368396811,2867,2867
"475",9,0.5,30,15,3549.27762614365,3283.72431343412,2803,2803
"476",9,0.5,30,16,1516.86639704689,1313.07708882251,2867,2867
"477",9,0.5,30,17,1517.41794554574,1302.15123371062,2867,2867
"478",9,0.5,30,18,1510.36722049103,1279.04764719525,2867,2867
"479",9,0.5,30,19,1516.4217233272,1311.55932090294,2867,2867
"480",9,0.5,30,20,1515.39127780044,1326.30596442748,2803,2803
"481",9,1.5,10,1,2265.74967757813,4466.12264819537,2867,2867
"482",9,1.5,10,2,2453.35571596045,5612.1861896082,2867,2867
"483",9,1.5,10,3,1855.69645904438,3694.22124214331,2867,2867
"484",9,1.5,10,4,1790.65761498476,2483.21104276282,2867,2867
"485",9,1.5,10,5,5211.11693816269,17558.0281511185,2803,2803
"486",9,1.5,10,6,4127.19402106006,17505.1433209547,2867,2867
"487",9,1.5,10,7,3809.48834950104,13593.4019969941,2867,2867
"488",9,1.5,10,8,3661.38409229357,13953.8788937495,2867,2867
"489",9,1.5,10,9,3094.54017908522,10785.9065089201,2867,2867
"490",9,1.5,10,10,6993.80248329554,25972.2582194716,2803,2803
"491",9,1.5,10,11,3475.9850215813,13352.3960372979,2867,2867
"492",9,1.5,10,12,2605.13427520849,7048.33745751546,2867,2867
"493",9,1.5,10,13,2760.17782679474,9990.58953088498,2867,2867
"494",9,1.5,10,14,2159.2114441379,4544.08504522705,2867,2867
"495",9,1.5,10,15,5809.30553711281,19829.8842340975,2803,2803
"496",9,1.5,10,16,1719.800145105,2487.88414661579,2867,2867
"497",9,1.5,10,17,1662.74956965358,3031.70995948843,2867,2867
"498",9,1.5,10,18,1479.73136123789,2395.02461140035,2867,2867
"499",9,1.5,10,19,1608.93047301095,2329.35482747171,2867,2867
"500",9,1.5,10,20,1980.56467721699,4674.9116093234,2803,2803
"501",9,1.5,20,1,1657.84333665927,1722.03928364161,2867,2867
"502",9,1.5,20,2,2564.08213461365,2935.90479332649,2867,2867
"503",9,1.5,20,3,1917.69500433107,2065.90263141382,2867,2867
"504",9,1.5,20,4,1902.84526761828,2109.72512267678,2867,2867
"505",9,1.5,20,5,5683.31314824321,6519.53575965949,2803,2803
"506",9,1.5,20,6,2734.92123220265,3428.37728181683,2867,2867
"507",9,1.5,20,7,2804.46365218662,3269.19555830766,2867,2867
"508",9,1.5,20,8,2291.37896370007,2528.30135210892,2867,2867
"509",9,1.5,20,9,2517.06522333666,2850.86693571465,2867,2867
"510",9,1.5,20,10,5922.24926923058,6793.21837464158,2803,2803
"511",9,1.5,20,11,2460.28746025422,3047.2063571442,2867,2867
"512",9,1.5,20,12,1991.47395586983,2107.78300692928,2867,2867
"513",9,1.5,20,13,1876.37310596638,1988.79577271823,2867,2867
"514",9,1.5,20,14,1573.66409964984,1563.54099166132,2867,2867
"515",9,1.5,20,15,5208.60620850637,5901.85564804429,2803,2803
"516",9,1.5,20,16,1652.69649210785,1858.99151153297,2867,2867
"517",9,1.5,20,17,1683.08720640548,1895.21595729969,2867,2867
"518",9,1.5,20,18,1650.43765194531,1817.8881302937,2867,2867
"519",9,1.5,20,19,1617.81019489826,1803.57788273639,2867,2867
"520",9,1.5,20,20,1534.51875430974,1696.52739210206,2803,2803
"521",9,1.5,30,1,1546.53466801609,1466.95829895753,2867,2867
"522",9,1.5,30,2,2048.30987017008,1941.14779080466,2867,2867
"523",9,1.5,30,3,1720.23045359897,1651.62951949219,2867,2867
"524",9,1.5,30,4,1673.64877473651,1626.11419936357,2867,2867
"525",9,1.5,30,5,2136.33770173407,1916.95805955844,2803,2803
"526",9,1.5,30,6,2259.33431808277,2067.06656634193,2867,2867
"527",9,1.5,30,7,1989.46621546663,1895.94482969994,2867,2867
"528",9,1.5,30,8,1844.29511757403,1761.75306072735,2867,2867
"529",9,1.5,30,9,2014.4558171852,1897.64879888478,2867,2867
"530",9,1.5,30,10,2138.32907771988,1919.54943781246,2803,2803
"531",9,1.5,30,11,2151.1630454992,1991.73856353658,2867,2867
"532",9,1.5,30,12,1802.49241403302,1735.38966725256,2867,2867
"533",9,1.5,30,13,1688.5768453666,1628.47512204588,2867,2867
"534",9,1.5,30,14,1526.10377366594,1484.10099360975,2867,2867
"535",9,1.5,30,15,3488.0112190112,3110.85057794141,2803,2803
"536",9,1.5,30,16,1484.59073481112,1311.62127495746,2867,2867
"537",9,1.5,30,17,1476.57344612285,1296.75633556289,2867,2867
"538",9,1.5,30,18,1457.83639824166,1277.8311335381,2867,2867
"539",9,1.5,30,19,1475.95150836508,1309.34206178325,2867,2867
"540",9,1.5,30,20,1479.7039672032,1328.6628898908,2803,2803
